Edwin Powell Hubble,astronomie,59,
astronomie,télescope,51,
astronomie,observatoire,51,
astronomie,astronaute,51,
astronomie,astronome,51,
étoile,astronomie,30,
astronomie,saison estivale,34,
univers,astronomie,34,
étoiles,astronomie,32,
voie lactée,astronomie,26,
curiosité,astronomie,40,
observation,astronomie,26,
soleil,astronomie,28,
planète,astronomie,30,
planètes,astronomie,34,
astres,astronomie,29,
astronomie,fusée,26,
Voie lactée,astronomie,26,
végétal,botanique,56,
biologie,mains,32,
biologie,femme,32,
biologie,libido,34,
biologie,théorie du genre,31,
curiosité,biologie,32,
recherche,biologie,32,
étude,biologie,31,
observer,biologie,29,
vie,biologie,31,
vivant,biologie,31,
science,biologie,57,
cellule,biologie,26,
Science,biologie,32,
=science=,biologie,60,
biologie,=libido=,25,
calcaire,entartrage,28,
psychologie,troubles des comportements alimentaires,304,
psychologie,troubles de comportement alimentaire,301,
psychologie,tca,302,
psychologie,troubles des conduites alimentaires,301,
psychologie,troubles du comportement alimentaire,303,
psychologie,trouble alimentaire,35,
psychologie,trouble de l'alimentation,301,
psychologie,trouble du comportement alimentaire,302,
psychologie,crise d'angoisse,35,
psychologie,rapport sado-masochiste,302,
psychologie,rapport sado-maso,35,
psychologie,relation sado-maso,35,
psychologie,relation sado-masochiste,35,
psychologie,peur de l'eau,301,
psychologie,peur maladive,301,
psychologie,tranche-montagne,304,
psychologie,matamore,30,
psychologie,fanfaron,301,
psychologie,rodomont,304,
psychologie,hâbleur,304,
psychologie,vantard,35,
psychologie,régression,302,
psychologie,peur du loup,304,
psychologie,manquer d'assurance,304,
psychologie,douter de soi,302,
psychologie,ne pas avoir confiance en soi,45,
psychologie,ne pas avoir confiance,301,
révolution,changement,52,
révolution,abolition,55,
insurrection,révolution,80,
révolution,délivrance,30,
révolution,crise humanitaire,32,
révolution,saison estivale,34,
révolution,chambardement,32,
révolution,démocratie,34,
révolution,nouvelle politique économique,31,
révolution,NEP,34,
révolution,Nouvelle politique économique,32,
révolution,faire nuit,39,
révolution,faire jour,48,
révolution,printemps,32,
révolte,révolution,34,
colère,révolution,26,
injustice,révolution,29,
crise,révolution,29,
ras-le-bol,révolution,31,
famine,révolution,30,
crise politique,révolution,30,
dictature,révolution,29,
oppression,révolution,27,
crise économique,révolution,30,
misère,révolution,34,
pénurie,révolution,34,
pauvreté,révolution,31,
faim,révolution,28,
tension,révolution,29,
exclusion,révolution,45,
politique,révolution,30,
ras le bol,révolution,28,
manquer,révolution,32,
manque,révolution,27,
mobilisation,révolution,29,
inégalité,révolution,28,
soulèvement,révolution,27,
pression,révolution,28,
leader,révolution,32,
agitation,révolution,27,
chômage,révolution,38,
opprimer,révolution,30,
avoir faim,révolution,29,
refus,révolution,27,
peuple,révolution,27,
mouvement de foule,révolution,30,
en avoir marre,révolution,29,
inégalité sociale,révolution,26,
crise sociale,révolution,30,
régime liberticide,révolution,34,
leadeur,révolution,2,
=exclusion=,révolution,42,
étoile,lumière,90,
élaguer,lumière,30,
émettre de la lumière,lumière,29,
lumière,journée,28,
lumière,étoile,32,
lumière,espèce végétale,32,
lumière,plante verte,41,
lumière,se réveiller,35,
lumière,clair de lune,28,
lumière,reflet,35,
lumière,jour,32,
écarté,lumière,30,
lumière,réveil,28,
lumière,nuit blanche,27,
téléphone,fil,29,
Bell,téléphone,35,
invention,téléphone,35,
téléphonie,téléphone,34,
Edwin Powell Hubble,recherche,58,
thèse,recherche,70,
doctorat,recherche,56,
recherche,trouver,90,
manquer à l'appel,recherche,5,
recherche,énervement,-5,
recherche,science,32,
recherche,Science,38,
recherche,habilitation à diriger des recherches,32,
recherche,collecte de données,29,
recherche,regarder au microscope,30,
recherche,regarder à la loupe,34,
recherche,visiter,29,
recherche,essai thérapeutique,32,
recherche,lot témoin,26,
recherche,mandat d'arrêt,35,
recherche,médicament,35,
recherche,HDR,26,
recherche,biologie,32,
recherche,testcross,32,
recherche,back-cross,32,
recherche,backcross,34,
recherche,test-cross,32,
lame,recherche,51,
recherche,progrès scientifique,35,
recherche,progrès,28,
enlèvement,recherche,26,
disparition,recherche,35,
avalanche,recherche,29,
recherche,=medicament=,33,
recherche,medicament,27,
recherche,=science=,25,
recherche,connaissance,57,
étudier,culture,34,
étudier,lycée,35,
étudier,docteur,28,
étudier,cahier,27,
étudier,cours,40,
aller travailler,étudier,71,
aller bosser,étudier,71,
aller au boulot,étudier,71,
aller au travail,étudier,71,
étudier,être mort de fatigue,41,
travail,étudier,61,
espace,Géométrie,40,
espace,géométrie,28,
espace,Terre,28,
espace,planète,26,
espace,fusée,31,
vide,espace,27,
rapport sexuel contraint,sida,111,
rapport sexuel non consenti,sida,111,
relation sexuelle non consentie,sida,111,
rapport sexuel forcé,sida,111,
relation sexuelle contrainte,sida,111,
rapport sexuel imposé,sida,111,
tailler une pipe,sida,61,
VIH,sida,34,
sida,mourir,31,
sida,être positif,35,
sida,mort,34,
sang contaminé,sida,31,
virus de l'immunodéficience humaine,sida,34,
viol,sida,51,
vih,sida,26,
vivant,biologie,31,
brassage,hétérozygote,42,
scientifique,Science,29,
scientifique,science,34,
scientifique,=science=,25,
astronomie,astronome,51,
Astronomie,astronome,51,
chercheur,Science,31,
chercheur,Géométrie,28,
chercheur,science,32,
chercheur,médicament,26,
chercheur,géométrie,34,
chercheur,progrès scientifique,30,
chercheur,=medicament=,32,
chercheur,medicament,25,
chercheur,=science=,25,
arithmétique,zéro,32,
arithmétique,quatre,34,
arithmétique,quatres,29,
biochimie,addict,41,
biochimie,accro,35,
biochimie,être accro,26,
biochimie,être addict,31,
biochimie,être dépendant,30,
biochimie,=addict=,27,
chimie,pollution,34,
chimie,explosion,26,
chimie,accident,35,
chimie,polluer,30,
chimie,organique,1,
chimie,synthèse,-5,
chimie,produit de lavage,30,
chimie,détergent,35,
chimie,addict,35,
chimie,accro,36,
chimie,être accro,35,
chimie,être addict,34,
chimie,être dépendant,28,
chimie,être amoureux,30,
chimie,lunettes de protection,29,
chimie,être amants,34,
chimie,poison,29,
chimie,étofenprox,40,
chimie,éthofenprox,52,
chimie,=addict=,25,
chimie,=safety glasses=,25,
chimie,lunettes de sécurité,9,
neutron,électricité,-20,
électricité,fil,32,
éthologie,relation hiérarchique,35,
éthologie,rapport hiérarchique,26,
génétique,maladie des exostoses multiples,34,
génétique,mains,35,
génétique,théorie du genre,35,
génétique,kyste ovarien,27,
génétique,kyste à l'ovaire,32,
génétique,cancer du sein,32,
génétique,adulte handicapé,28,
génétique,chauve,29,
génétique,fou,26,
génétique,trouble de la vue,27,
génétique,blonde,36,
génétique,beauté,39,
génétique,trouble du langage,27,
génétique,sociopathe,28,
génétique,femme,27,
génétique,diabète,31,
génétique,belle,26,
génétique,bête,28,
génétique,garçon,26,
génétique,spina-bifida,34,
génétique,spina bifida,30,
génétique,trouble de la vision,43,
génétique,paradontose,31,
génétique,pyorrhée,28,
génétique,parodontose,26,
génétique,maladie parodontale,35,
génétique,tomate ananas,31,
génétique,tomate verte,27,
génétique,tomate coeur de boeuf,32,
génétique,tomate coeur-de-boeuf,35,
génétique,tomate Roma,29,
génétique,noire de Crimée,34,
génétique,coeur de boeuf,31,
génétique,spondyloarthropathie,34,
génétique,eczéma atopique,26,
génétique,dermatite atopique,35,
génétique,fibrodysplasie ossifiante progressive,49,
génétique,pyorrhée alvéolo-dentaire,39,
génétique,myosite ossifiante progressive,35,
génétique,maladie de Huntington,30,
génétique,angiochondromatose,26,
génétique,trachéomalacie,29,
génétique,syndrome de Zinsser-Engman-Cole,31,
génétique,trachéobronchomalacie,29,
génétique,dyskératose congénitale,29,
génétique,neurofibrome plexiforme,34,
génétique,Noire de Crimée,37,
génétique,hémochromatose,35,
génétique,se déchausser,29,
génétique,chorée de Huntington,29,
génétique,=huntington's disease=,28,
génétique,=rheumatic chorea=,33,
génétique,=spina bifida=,25,
génétique,=vision disorder=,25,
génétique,pyorrhée alvéolodentaire,25,
génétique,=hemochromatosis=,25,
génétique,=iron metabolism disorders=,25,
génétique,alacrymie-achalasie-addisonisme,25,
génétique,affection de la vision,25,
génétique,=hereditary multiple exostoses=,25,
génétique,cholémie familiale,25,
génétique,maladies de gilbert,25,
génétique,hyperbilirubinémie de type i,25,
génétique,dysfonctionnement hépatique constitutionnel,25,
génétique,cholémie de gilbert,25,
génétique,ictère héréditaire de gilbert,25,
génétique,hyperbilirubinémie de type indirect bénin,25,
génétique,syndrome de Gilbert,25,
génétique,cholémie familiale congénitale,25,
génétique,maladie de Gilbert,25,
génétique,subictère chronique intermittent,25,
génétique,kyste de l'ovaire,25,
génétique,=ovarian cyst=,25,
génétique,kyste rétentionnel de l'ovaire,25,
génétique,kyste ovarien bénin,25,
génétique,chorées,25,
génétique,=purulent discharge=,25,
génétique,chorée rhumatismale sans atteinte cardiaque,25,
génétique,chorée héréditaire,25,
génétique,Chorée,25,
génétique,chorée de Sydenham,25,
génétique,chorée rhumatismale,25,
génétique,chorée de saint jean,25,
génétique,danse de saint Guy,25,
génétique,trouble du métabolisme du fer,25,
génétique,anémie par carence en fer,25,
génétique,anémie sidéroblastique,25,
génétique,hémochromatose primitive,25,
génétique,diabète bronzé,25,
génétique,maladie ostéogénique,25,
génétique,chondrodysplasie héréditaire déformante,25,
génétique,exostose héréditaire multiple,25,
génétique,aclasie diaphysaire,25,
génétique,maladie exostosante multiple,25,
génétique,chondrodysplasie déformante héréditaire,25,
génétique,maladie de Bessel-Hagen,25,
génétique,écoulement purulent,9,
continent,géographie,60,
géographie,formation végétale,26,
géographie,Russie,35,
informatique,message d'erreur,34,
logique,raison,35,
mathématiques,Géométrie,34,
mathématiques,repère orthonormé,32,
mathématiques,quatre,35,
mathématiques,géométrie,35,
mathématiques,quatres,28,
mathématiques,repère,30,
mathématiques,fonction,35,
dénombrement,mathématiques,1,
atome,physique,51,
physique,Géométrie,39,
physique,géométrie,29,
physique,neutron,26,
physique,rester vivant,31,
physique,Rester vivant,26,
physique,envie,32,
physique,=neutron=,27,
Louis Lumière,technologie,59,
appareil,technologie,70,
technologie,briquet jetable,34,
technologie,guichet automatique,34,
technologie,bac technologique,30,
technologie,baccalauréat technologique,29,
technologie,microscope,36,
technologie,clim réversible,27,
technologie,véhicule climatisé,29,
technologie,voiture climatisée,27,
technologie,télé,31,
technologie,pied,28,
topographie,écotone,34,
Stephen Jay Gould,théorie des équilibres ponctués,32,
Louis Lumière,invention,80,
Louis Lumière,cinéma,210,
Louis Lumière,film,60,
Louis Lumière,cinématographe,80,
Louis Lumière,technologie,59,
Louis Lumière,projection,51,
Ernst Mayr,notion d'espèce,43,
boussole,nord,34,
boussole,se repérer,34,
boussole,ne pas se perdre,32,
boussole,=nord=,27,
disjoncteur,coupure de courant,32,
laser,hémorragie sous-conjonctivale,43,
laser,=injury=,10,
glace,miroir,90,
miroir,reflet,30,
moteur,voiture,-50,
moteur,mouvement,90,
moteur,motricité,60,
moteur,énergie,60,
moteur,démarrer,80,
moteur,rouler,59,
moteur,marcher,-25,
moteur,voler,28,
énergie,moteur,28,
voiture,moteur,35,
mécanique,moteur,31,
ordinateur,clavier,32,
radar,freiner,35,
réfrigérateur,froid,39,
scanner,irradiation,38,
rayons X,scanner,29,
astronomie,télescope,51,
Astronomie,télescope,51,
tube de Zworykin,télévision,60,
acteur,télévision,103,
télévision,divertissement,60,
télévision,abrutissement,90,
télévision,culture,51,
télévision,se détendre,30,
télévision,abrutir,30,
télévision,chanson,26,
télévision,couch potato,28,
inventer,télévision,32,
inventeur,télévision,28,
invention,télévision,34,
télévision,junk food,35,
télévision,détente,2,
télévision,s'amuser,1,
télévision,=junk food=,25,
tube de Zworykin,tube cathodique,57,
tube de Zworykin,tube cathodique,57,
tube de Zworykin,télévision,60,
tube de Zworykin,visionner,90,
tube de Zworykin,regarder,90,
tube de Zworykin,recevoir,80,
inventeur,télé,28,
inventeur,télévision,28,
inventeur,porc orloff,43,
inventeur,veau orloff,36,
inventeur,veau Orloff,43,
inventeur,porc Orloff,47,
intelligence,Science,43,
intelligence,rapide,31,
intelligence,séduite,30,
intelligence,trop fort,29,
intelligence,aimer à la folie,30,
intelligence,science,26,
intelligence,raison,29,
intelligence,=science=,30,
fête,danse,90,
fête,repas,60,
fête,joie,110,
fête,chanter,90,
fête,boire,70,
fête,danser,90,
fête,fêter,70,
an,fête,70,
fête,s'amuser,60,
fête,champagne,60,
fête,bruit,70,
fête,musique,56,
samedi,fête,120,
calendrier,fête,80,
fête,ivresse,60,
fête,manger,60,
salle,fête,51,
jour férié,fête,61,
fête,gâteau,51,
fête,cadeau,51,
fête,querelle,51,
fête,saoulerie,51,
fête,se marrer,51,
fête,bonne humeur,51,
fête,drague,51,
fête,faire du bruit,51,
fête,se saouler,51,
fête,se saouler la gueule,51,
fête,prendre du bon temps,51,
fête,faire la fête,51,
fête,avoir la tête dans le cul,51,
fête,se bourrer la gueule,51,
fête,plaisir,34,
Jack Lang,fête,27,
entreprise,fête,35,
armistice,fête,27,
pot de départ,fête,35,
anniversaire de mariage,fête,43,
organisateur,fête,28,
saint patron,fête,43,
ami,fête,35,
société,fête,29,
fin d'année,fête,35,
bonne nouvelle,fête,26,
se marier,fête,35,
vaincre,fête,30,
désir,fête,29,
réussir,fête,35,
fête,indigestion,28,
emploi,fête,29,
nouvel an,fête,34,
commémoration,fête,37,
diplôme,fête,26,
gagner,fête,35,
victoire,fête,35,
célébration,fête,30,
fiançailles,fête,27,
fête,apporter des fleurs,38,
fête,décoration florale,41,
14 juillet,fête,35,
saint,fête,35,
départ à la retraite,fête,26,
enterrement de vie de garçon,fête,35,
fête,tenue de soirée,28,
fête,faire un cadeau,32,
fête,faire la nouba,27,
fête,apéritif,35,
fête,offrir des fleurs,29,
fête,offrir un cadeau,27,
fête,bon anniversaire,30,
Pâques,fête,38,
fête,youyou,32,
fête,lendemain de fête,38,
fête,rencontre,26,
anniversaire,fête,37,
réussite,fête,30,
baptême,fête,35,
mariage,fête,31,
Noël,fête,31,
naissance,fête,26,
fête,défilé,35,
14-Juillet,fête,35,
fête,soûlerie,28,
veille de Noël,fête,35,
réveillon de Noël,fête,41,
24 décembre,fête,35,
fête,être mort de fatigue,28,
batême,fête,36,
fête,avoir la gueule dans le cul,40,
fête,soulerie,45,
fête,Tenue de soirée,26,
Bonne nouvelle,fête,26,
fête,plat roboratif,28,
fête,nuit blanche,28,
fête,=music=,25,
douche vaginale,gynécologie,1,
Haemophilus influenzae,otite moyenne aiguë,91,
Haemophilus influenzae,épiglottite,27,
Haemophilus influenzae,=epiglottitis=,25,
Haemophilus influenzae,=sepsis=,10,
Haemophilus influenzae,=acute bronchitis=,10,
Haemophilus influenzae,=bronchopneumonia=,10,
Haemophilus influenzae,=septic shock co-occurrent with acute organ dysfunction=,10,
Haemophilus influenzae,=severe sepsis with acute organ dysfunction=,10,
Haemophilus influenzae,Épiglottite,25,
aider,médecine,39,
soigner,médecine,35,
maladie,médecine,26,
médecine,médicament,34,
médecine,guérison,27,
médecine,se déchausser,31,
médecine,guérir,56,
médecine,=medicament=,33,
médecine,medicament,28,
médecine,clinique,25,
vaccin,être positif,35,
progrès scientifique,vaccin,28,
heure d'hiver,économie,71,
économie,banlieue-dortoir,28,
économie,cité-dortoir,30,
économie,banlieue dortoir,32,
économie,ville-dortoir,28,
économie,cité dortoir,30,
économie,ville dortoir,27,
travailler,économie,31,
voter,économie,28,
vendre,économie,26,
acheter,économie,28,
produire,économie,29,
production,économie,32,
chômage,économie,31,
fraude,économie,28,
politique,économie,28,
catastrophe,économie,34,
guerre,économie,37,
ressource,économie,30,
austérité,économie,26,
pauvreté,économie,34,
économie,marché,29,
économie,débat d'idées,28,
économie,classe dominante,32,
économie,entreprise,32,
économie,cours,34,
économie,viande reconstituée,28,
économie,chômage,28,
argent,économie,26,
échanges,économie,25,
bacille,fermentation,31,
bacille,tétanos,34,
bacille,tuberculose,35,
bacille,typhoïde,29,
bacille,fièvre typhoïde,32,
bacille,chancre mou,30,
bacille,salmonellose,28,
bacille,maladie,29,
bacille,pathologie,34,
bacille,mort,28,
bacille,peste,35,
bacille,botulisme,27,
bacille,maladie des légionnaires,30,
bacille,peste bubonique,39,
bacille,peste noire,28,
biotechnologies,bacille,30,
génie génétique,bacille,28,
recombinaison génétique,bacille,40,
recombinaison,bacille,32,
mutation,bacille,27,
évolution,bacille,31,
multiplication bactérienne,bacille,26,
multiplication,bacille,43,
bacille,légionellose,27,
bacille,typhode,42,
bacille,=plague=,30,
bacille,=tuberculosis=,29,
bacille,tuberculosis,27,
bacille,=fermentation=,25,
bacille,=botulism=,25,
Géologie,grotte,31,
Géologie,milieu aquatique,28,
Géologie,île d'Oléron,35,
Géologie,pierre semi-précieuse,34,
Géologie,milieu marin,34,
Géologie,milieu dulçaquicole,32,
protocole de recherche,expérience,31,
protocole de recherche,mise en oeuvre,42,
protocole de recherche,expérimentation,34,
protocole de recherche,guider,1,
protocole de recherche,validité,1,
protocole de recherche,observer,1,
protocole de recherche,collecte de données,39,
protocole de recherche,essai thérapeutique,27,
protocole de recherche,lot témoin,28,
programme de recherche,protocole de recherche,27,
projet de recherche,protocole de recherche,38,
ectopie testiculaire,anatomie,1,
anatomie,mains,35,
anatomie,hamuli,30,
anatomie,hapteur,29,
anatomie,plaque motrice,35,
anatomie,canal déférent,26,
anatomie,luette,34,
anatomie,uvule,32,
anatomie,espace péridural,31,
anatomie,langue,32,
anatomie,nez,37,
anatomie,organe,41,
anatomie,ongle,27,
anatomie,conduit déférent,36,
anatomie,uvula,30,
anatomie,regard,28,
anatomie,=uvula=,26,
frigo,froid,36,
frigidaire,froid,34,
sang contaminé,SIDA,27,
VIH,SIDA,30,
SIDA,être positif,27,
SIDA,mort,34,
SIDA,mourir,31,
tailler une pipe,SIDA,32,
rapport sexuel imposé,SIDA,35,
relation sexuelle contrainte,SIDA,35,
rapport sexuel forcé,SIDA,35,
relation sexuelle non consentie,SIDA,35,
rapport sexuel non consenti,SIDA,35,
rapport sexuel contraint,SIDA,35,
virus de l'immunodéficience humaine,SIDA,30,
SIDA,pancréatite aiguë,28,
viol,SIDA,35,
vih,SIDA,26,
SIDA,pancréatite aiguë idiopathique,25,
SIDA,pancréatite aigüe,25,
VIH,syndrome d'immunodéficience acquise,31,
syndrome d'immunodéficience acquise,être positif,35,
syndrome d'immunodéficience acquise,mort,34,
syndrome d'immunodéficience acquise,mourir,31,
sang contaminé,syndrome d'immunodéficience acquise,26,
tailler une pipe,syndrome d'immunodéficience acquise,27,
rapport sexuel imposé,syndrome d'immunodéficience acquise,34,
relation sexuelle contrainte,syndrome d'immunodéficience acquise,34,
rapport sexuel forcé,syndrome d'immunodéficience acquise,34,
relation sexuelle non consentie,syndrome d'immunodéficience acquise,34,
rapport sexuel non consenti,syndrome d'immunodéficience acquise,34,
rapport sexuel contraint,syndrome d'immunodéficience acquise,34,
virus de l'immunodéficience humaine,syndrome d'immunodéficience acquise,31,
viol,syndrome d'immunodéficience acquise,30,
vih,syndrome d'immunodéficience acquise,26,
risque,maladie,54,
addiction,maladie,80,
vieux,maladie,320,
pollution,maladie,30,
tabagisme,maladie,32,
maladie,congé maladie,60,
maladie,fièvre,250,
maladie,hospitalisation,210,
maladie,douleur,370,
maladie,mort,465,
maladie,guérison,80,
catastrophe naturelle,maladie,80,
maladie,mourir,250,
maladie,souffrir,150,
maladie,souffrance,230,
maladie,convalescence,230,
maladie,soin,230,
maladie,médicament,140,
maladie,repos,200,
rupture de la chaîne du froid,maladie,130,
insecte vecteur,maladie,30,
famine,maladie,34,
absence,maladie,38,
maladie,boutons,59,
maladie,malade,58,
malbouffe,maladie,240,
maladie,handicap,49,
maladie,arrêt maladie,91,
maladie,absence,120,
maladie,se soigner,105,
maladie,opération,141,
maladie,opérer,91,
maladie,guérir,125,
maladie,consulter,81,
maladie,hôpital,131,
nouveau pauvre,maladie,35,
intoxication aux métaux lourds,maladie,27,
bacille,maladie,29,
alcoolisme,maladie,70,
poison,maladie,130,
maladie,médecin,71,
maladie,avoir de la fièvre,85,
organisme microscopique,maladie,35,
junk food,maladie,311,
tabagisme passif,maladie,121,
maladie,bouton,71,
tique,maladie,36,
maladie,propagation,34,
maladie,avoir mal,45,
diptères,maladie,35,
Diptères,maladie,29,
maladie,chambre,-9,
maladie,consultation,37,
maladie,symptôme,10,
grande douve du foie,maladie,32,
Fasciola hepatica,maladie,87,
Dicrocoelium dendriticum,maladie,32,
petite douve du foie,maladie,31,
trématode,maladie,32,
tousser,maladie,61,
organisme unicellulaire,maladie,26,
monogènes,maladie,26,
maladie,folie,61,
maladie,chirurgie,101,
être dans le besoin,maladie,31,
maladie,éruption,81,
maladie,décès,71,
maladie,traitement,144,
maladie,arrêt de travail,51,
maladie,se reposer,71,
maladie,démangeaisons,1,
insecte piqueur,maladie,34,
digène,maladie,32,
maladie,dépression,121,
maladie,intervention chirurgicale,81,
maladie,examen,71,
maladie,soigner,81,
maladie,soins,81,
maladie,intervention,61,
tailler une pipe,maladie,81,
gras,maladie,51,
maladie,anémie,71,
maladie,douleurs,51,
maladie,se faire opérer,71,
maladie,rester au lit,56,
micro-organisme,maladie,35,
microorganisme,maladie,35,
éthylisme,maladie,70,
maladie,plaie,61,
maladie,diagnostic,61,
maladie,rester au pieu,31,
maladie,avoir soif,55,
maladie,avoir des frissons,30,
maladie,Médecine,34,
maladie,Chirurgie,31,
maladie,n'avoir que la peau et les os,27,
maladie,manquer d'eau,40,
maladie,parano,59,
maladie,blessure grave,29,
maladie,refuser,31,
maladie,insomnie,26,
maladie,être déshydraté,45,
maladie,clinique,30,
maladie,tristesse,35,
maladie,faiblarde,26,
maladie,séquelles,31,
maladie,avoir des séquelles,30,
maladie,mal à la gorge,32,
maladie,appeler le docteur,34,
maladie,cracher du sang,39,
maladie,crise d'angoisse,32,
maladie,AINS,28,
maladie,être dans le besoin,34,
maladie,être paralysé,29,
maladie,avoir la tête dans le cul,26,
maladie,adulte handicapé,26,
maladie,faire un malaise,32,
maladie,sans vigueur,30,
maladie,prendre sa température,38,
maladie,brûlant de fièvre,28,
maladie,essai thérapeutique,41,
maladie,partir,29,
maladie,être long à la détente,31,
maladie,anti-inflammatoire non stéroïdien,35,
maladie,polythérapie,38,
maladie,prier,35,
maladie,aller à Lourdes,45,
maladie,thérapie familiale,31,
maladie,bander comme un foulard,34,
maladie,amaigrissement,44,
maladie,s'effeuiller,35,
maladie,cloué au lit,34,
maladie,éviction alimentaire,29,
maladie,bébé-médicament,34,
maladie,hypophagie,32,
maladie,mauvaise humeur,49,
maladie,se coucher tôt,32,
maladie,être pris de vertige,26,
maladie,peur,61,
maladie,douleur physique,26,
maladie,pleurer,58,
maladie,médecine,26,
maladie,trouble du langage,26,
maladie,maux de ventre,26,
maladie,être en vrac,31,
maladie,avoir le vertige,30,
maladie,se tordre de douleur,40,
maladie,trou de mémoire,26,
maladie,fin de vie,34,
maladie,avoir mal au crâne,36,
maladie,rester couché,26,
maladie,analyses,35,
maladie,manquer à l'appel,30,
maladie,sucrer les fraises,34,
maladie,n'avoir que la peau sur les os,28,
maladie,se donner la mort,32,
maladie,ronflement,26,
maladie,docteur,42,
maladie,rhinorrhée,34,
maladie,être cloué au lit,26,
maladie,éclater en sanglots,27,
maladie,frissonner,26,
maladie,être à l'ouest,32,
maladie,fou,39,
maladie,déprime,29,
maladie,mince,30,
maladie,patraque,26,
maladie,inquiétude,56,
maladie,nausée,26,
maladie,verte,27,
maladie,absent,46,
maladie,fatigue,61,
maladie,inhalation,26,
maladie,diagnostique,28,
maladie,hosto,32,
exposition au plomb,maladie,111,
bacille de Koch,maladie,35,
maladie,quitter le domicile conjugal,35,
maladie,être mort de fatigue,54,
maladie,se gratter,32,
maladie,migraine,35,
maladie,être dans le noir,31,
maladie,angoisse,61,
ivrognerie,maladie,34,
maladie,arrêt,26,
maladie,maigrir,31,
maladie,avoir des nausées,29,
maladie,AT,41,
maladie,anti-inflammatoire non-stéroïdien,34,
maladie,anhémie,48,
maladie,avoir la gueule dans le cul,39,
erreur médicale,maladie,61,
maladie,paralysie,30,
maladie,prostration,31,
maladie,convulsion,28,
pathogène,maladie,55,
Bacille de Koch,maladie,35,
maladie,ne pas pouvoir dormir,38,
maladie,hospital,35,
virus,maladie,52,
douve,maladie,27,
ricin,maladie,29,
filaire,maladie,26,
maladie,ordonnance,49,
maladie,peine,29,
maladie,se déchausser,26,
diptère,maladie,30,
maladie,anæmie,27,
maladie,se faire arrêter,71,
sucre,maladie,38,
maladie,sueur,56,
maladie,paranoïa,63,
maladie,chômage,70,
maladie,coucher,61,
maladie,saigner du nez,71,
maladie,pustule,81,
maladie,prescrire,56,
maladie,remède,71,
maladie,remède de cheval,57,
maladie,agonie,64,
maladie,être de mauvais poil,61,
maladie,être alité,71,
maladie,fumigation,32,
maladie,tirer la langue,27,
=microorganism=,maladie,35,
=virus=,maladie,179,
maladie,=anemia=,29,
maladie,=paranoia=,28,
mauvaise hygiène,maladie,48,
maladie,mauvaise santé,62,
maladie,affaiblissement,90,
maladie,mourir de maladie,40,
maladie,=anaemia=,31,
maladie,=medicament=,32,
=junk food=,maladie,45,
maladie,=nonsteroidal antiinflammatory drug=,27,
maladie,=consultation=,25,
maladie,=convalescence=,25,
maladie,=diagnostic=,25,
maladie,=fumigation=,25,
maladie,=hospital=,26,
maladie,=inhalation=,25,
maladie,medicament,29,
maladie,=prostration=,25,
maladie,=pustule=,25,
=fasciola hepatica=,maladie,90,
maladie,anémié,25,
maladie,=hospitalization=,30,
maladie,tunnel,25,
forte consommation de sucre,maladie,30,
maladie,ne pas se sentir bien,25,
maladie,=diagnosis=,25,
bactérie,maladie,145,
=bacterium=,maladie,30,
bacteria,maladie,45,
maladie,=insomnia=,25,
maladie,manque de sommeil,25,
maladie,trouble insomniaque,25,
maladie,trouble endormissement et maintien du sommeil,25,
maladie,agrypnie,25,
maladie,troubles endormissement et maintien du sommeil,25,
maladie,=sleeplessness=,25,
=bacteria=,maladie,142,
maladie,hyposomnie,25,
parasites,maladie,25,
Bactérie,maladie,10,
science citoyenne,médiatisation,29,
science citoyenne,vulgarisation scientifique,28,
science citoyenne,succès,34,
science citoyenne,sensibiliser,30,
science citoyenne,externalisation,34,
science citoyenne,sensibilisation,31,
science citoyenne,vulgariser,31,
science citoyenne,intérêt,27,
science citoyenne,vulgarisation,36,
science citoyenne,crowdsourcing,26,
science citoyenne,GWAP,35,
science citoyenne,externalisation ouverte,35,
science citoyenne,externalisation à grande échelle,29,
science citoyenne,jeu avec un but,28,
science citoyenne,=crowdsourcing=,25,
sciences citoyennes,médiatisation,31,
sciences citoyennes,vulgarisation scientifique,34,
sciences citoyennes,succès,29,
sciences citoyennes,sensibiliser,26,
sciences citoyennes,externalisation,31,
sciences citoyennes,sensibilisation,32,
sciences citoyennes,vulgariser,39,
sciences citoyennes,intérêt,34,
sciences citoyennes,vulgarisation,35,
sciences citoyennes,crowdsourcing,29,
sciences citoyennes,GWAP,28,
sciences citoyennes,externalisation ouverte,34,
sciences citoyennes,externalisation à grande échelle,32,
sciences citoyennes,jeu avec un but,28,
sciences citoyennes,=crowdsourcing=,25,
lune,mois,32,
Astronomie,télescope,51,
Astronomie,observatoire,51,
Astronomie,astronaute,51,
Astronomie,astronome,51,
étoile,Astronomie,26,
univers,Astronomie,31,
étoiles,Astronomie,26,
voie lactée,Astronomie,35,
curiosité,Astronomie,30,
observation,Astronomie,27,
soleil,Astronomie,26,
planète,Astronomie,26,
planètes,Astronomie,34,
astres,Astronomie,35,
Astronomie,saison estivale,34,
Astronomie,fusée,26,
Edwin Powell Hubble,Astronomie,32,
Voie lactée,Astronomie,35,
aider,Médecine,27,
maladie,Médecine,34,
soigner,Médecine,26,
Chimie,explosion,26,
Chimie,pollution,34,
Chimie,polluer,30,
Chimie,accident,35,
Chimie,produit de lavage,30,
Chimie,détergent,35,
Chimie,addict,35,
Chimie,accro,40,
Chimie,être accro,35,
Chimie,être addict,34,
Chimie,être dépendant,28,
Chimie,être amoureux,30,
Chimie,lunettes de protection,29,
Chimie,être amants,34,
Chimie,poison,29,
Chimie,éthofenprox,1,
Chimie,étofenprox,1,
Chimie,=addict=,25,
Chimie,=safety glasses=,25,
Chimie,lunettes de sécurité,9,
Mathématiques,Géométrie,34,
Mathématiques,repère orthonormé,32,
Mathématiques,quatre,35,
Mathématiques,géométrie,35,
Mathématiques,quatres,27,
Mathématiques,repère,26,
Mathématiques,fonction,27,
Géographie,Russie,35,
Géographie,formation végétale,26,
continent,Géographie,32,
géologie,île d'Oléron,35,
géologie,milieu dulçaquicole,32,
géologie,milieu aquatique,28,
géologie,milieu marin,34,
géologie,pierre semi-précieuse,34,
géologie,grotte,31,
progrès scientifique,procréation médicalement assistée,38,
progrès scientifique,fécondation in vitro,29,
progrès scientifique,FIV,27,
progrès scientifique,progrès médical,27,
progrès scientifique,vaccin,28,
progrès scientifique,amélioration des plantes,26,
progrès scientifique,amélioration des conditions de travail,39,
progrès scientifique,avancée technique,28,
progrès scientifique,nouveauté,29,
progrès scientifique,avancée technologique,34,
progrès scientifique,clonage thérapeutique,41,
progrès scientifique,clonage,34,
progrès scientifique,vaccinothérapie,35,
recherche privée,progrès scientifique,27,
recherche publique,progrès scientifique,26,
inventivité,progrès scientifique,29,
imagination,progrès scientifique,30,
nécessité,progrès scientifique,32,
demande,progrès scientifique,30,
besoin,progrès scientifique,35,
recherche,progrès scientifique,35,
recherche institutionnelle,progrès scientifique,27,
enseignant-chercheur,progrès scientifique,42,
chercheur,progrès scientifique,30,
créativité,progrès scientifique,34,
=imagination=,progrès scientifique,30,
Economie,débat d'idées,36,
Physique,neutron,35,
Physique,=neutron=,25,
particule virale,infection,30,
particule virale,contamination,30,
infection,particule virale,35,
réplication,particule virale,35,
mutation,particule virale,30,
évolution,particule virale,28,
virion,infection,30,
virion,contamination,30,
infection,virion,26,
réplication,virion,28,
mutation,virion,29,
évolution,virion,35,
IA,hypertrophie du ventricule gauche,29,
IA,insuffisance cardiaque,31,
IA,être en cloque,30,
IA,avoir un polichinelle dans le tiroir,29,
IA,avoir une brioche au four,29,
IA,attendre un bébé,28,
IA,attendre un heureux évènement,35,
IA,avoir le ballon,43,
IA,être enceinte,27,
IA,gémellité,29,
IA,attendre un heureux événement,39,
IA,attendre un enfant,32,
rhumatisme articulaire aigu,IA,29,
dystrophie,IA,35,
endocardite bactérienne,IA,32,
endocardite,IA,106,
maladie de Bouillaud,IA,29,
Maladie de Bouillaud,IA,29,
IA,être grosse,27,
=endocarditis=,IA,105,
IA,changement de civilisation,37,
esthétique,Chirurgie,32,
esthétique,chirurgie,26,
bacille,pathologie,34,
croissance bactérienne,pathologie,35,
diptères,pathologie,27,
Diptères,pathologie,31,
translocation,pathologie,35,
délétion,pathologie,30,
anomalie chromosomique,pathologie,38,
nématode,pathologie,127,
némathelminthe,pathologie,34,
Nématodes,pathologie,31,
vers ronds,pathologie,34,
nématodes,pathologie,29,
Némathelminthes,pathologie,27,
némathelminthes,pathologie,35,
parasitofaune,pathologie,27,
ver rond,pathologie,34,
pathologie,essai thérapeutique,35,
pathologie,mort cellulaire,27,
pathologie,violence psychologique,34,
pathologie,médecin,37,
pathologie,mort de soif,30,
pathologie,toucher rectal,35,
monogène,pathologie,28,
diptère,pathologie,29,
pathologie,tirer la langue,29,
=translocation=,pathologie,35,
=nematoda=,pathologie,125,
anormalité des chromosomes,pathologie,40,
=chromosome disorder=,pathologie,40,
trouble chromosomique,pathologie,40,
pathologie,difficultés de concentration,26,
pathologie,comportements inadaptés,27,
pathologie,comportement inadapté,27,
physiologie,patte,27,
physiologie,télomère,35,
physiologie,libido,35,
physiologie,syndrome de manque,26,
physiologie,addict,27,
physiologie,accro,27,
physiologie,être accro,30,
physiologie,être addict,35,
physiologie,être dépendant,35,
physiologie,plaque motrice,29,
physiologie,adénome,30,
physiologie,appétit d'oiseau,26,
physiologie,taille mannequin,30,
physiologie,température rectale,26,
physiologie,température buccale,30,
physiologie,température corporelle,30,
physiologie,transpirer des pieds,34,
physiologie,syndrome prémenstruel,31,
physiologie,envie de baiser,31,
physiologie,excrément,38,
physiologie,envie,31,
physiologie,Syndrome prémenstruel,35,
physiologie,=addict=,30,
physiologie,=libido=,25,
=virion=,infection,30,
=virion=,contamination,30,
mutation,=virion=,27,
réplication,=virion=,28,
infection,=virion=,30,
évolution,=virion=,32,
temps,météo,70,
météo,désert,26,
météo,trombes d'eau,35,
météo,piloter à vue,31,
météo,beau temps,28,
météo,pluie,35,
météo,bonace,34,
météo,mal tourner,27,
météo,bon vent,34,
